patient_id,day,weight,systolic_bp,diastolic_bp,heart_rate,breathlessness,swelling,fatigue,baseline_weight,escalation_outcome
P001,1,65.0,126,76,77,No,No,No,65.0,No escalation
P001,2,65.1,128,74,69,No,No,No,65.0,No escalation
P001,3,65.0,125,77,74,No,No,No,65.0,No escalation
P001,4,65.2,122,80,77,No,No,No,65.0,No escalation
P001,5,65.1,125,80,76,No,No,No,65.0,No escalation
P001,6,65.2,122,79,70,No,No,No,65.0,No escalation
P001,7,65.1,128,78,73,No,No,No,65.0,No escalation
P002,1,65.5,123,80,73,No,No,No,65.5,No escalation
P002,2,65.5,124,77,76,No,No,No,65.5,No escalation
P002,3,65.5,126,79,76,No,No,No,65.5,No escalation
P002,4,65.7,131,77,72,No,No,No,65.5,No escalation
P002,5,65.5,123,79,79,No,No,No,65.5,No escalation
P002,6,65.7,125,76,71,No,No,No,65.5,No escalation
P002,7,65.5,127,79,76,No,No,No,65.5,No escalation
P003,1,65.9,123,78,74,No,No,No,65.9,No escalation
P003,2,66.0,126,80,75,No,No,No,65.9,No escalation
P003,3,65.9,127,78,75,No,No,No,65.9,No escalation
P003,4,66.1,127,75,73,No,No,No,65.9,No escalation
P003,5,66.0,124,77,73,No,No,No,65.9,No escalation
P003,6,66.1,129,76,78,No,No,No,65.9,No escalation
P003,7,66.0,120,77,75,No,No,No,65.9,No escalation
P004,1,66.3,127,79,77,No,No,No,66.3,No escalation
P004,2,66.4,124,77,77,No,No,No,66.3,No escalation
P004,3,66.3,124,75,69,No,No,No,66.3,No escalation
P004,4,66.5,122,79,75,No,No,No,66.3,No escalation
P004,5,66.4,127,77,75,No,No,No,66.3,No escalation
P004,6,66.5,127,77,76,No,No,No,66.3,No escalation
P004,7,66.4,123,77,72,No,No,No,66.3,No escalation
P005,1,66.8,121,79,72,No,No,No,66.8,No escalation
P005,2,66.9,125,79,76,No,No,No,66.8,No escalation
P005,3,66.8,127,78,72,No,No,No,66.8,No escalation
P005,4,67.0,125,75,68,No,No,No,66.8,No escalation
P005,5,66.9,121,76,76,No,No,No,66.8,No escalation
P005,6,67.0,122,77,79,No,No,No,66.8,No escalation
P005,7,66.9,124,79,70,No,No,No,66.8,No escalation
P006,1,67.2,124,76,73,No,No,No,67.2,No escalation
P006,2,67.3,128,75,76,No,No,No,67.2,No escalation
P006,3,67.2,126,77,68,No,No,No,67.2,No escalation
P006,4,67.5,125,77,75,No,No,No,67.2,No escalation
P006,5,67.3,125,81,73,No,No,No,67.2,No escalation
P006,6,67.5,122,78,75,No,No,No,67.2,No escalation
P006,7,67.3,129,80,75,No,No,No,67.2,No escalation
P007,1,67.7,129,76,71,No,No,No,67.7,No escalation
P007,2,67.8,122,77,68,No,No,No,67.7,No escalation
P007,3,67.7,127,78,68,No,No,No,67.7,No escalation
P007,4,67.9,122,79,77,No,No,No,67.7,No escalation
P007,5,67.8,131,84,76,No,No,No,67.7,No escalation
P007,6,67.9,122,74,75,No,No,No,67.7,No escalation
P007,7,67.8,123,77,72,No,No,No,67.7,No escalation
P008,1,68.2,125,80,75,No,No,No,68.2,No escalation
P008,2,68.2,125,76,67,No,No,No,68.2,No escalation
P008,3,68.2,124,78,81,No,No,No,68.2,No escalation
P008,4,68.4,125,80,72,No,No,No,68.2,No escalation
P008,5,68.2,121,76,71,No,No,No,68.2,No escalation
P008,6,68.4,131,76,77,No,No,No,68.2,No escalation
P008,7,68.2,122,80,76,No,No,No,68.2,No escalation
P009,1,67.0,125,77,76,No,No,No,67.0,Routine review
P009,2,67.1,124,76,69,No,No,No,67.0,Routine review
P009,3,68.4,126,81,75,No,No,Mild,67.0,Routine review
P009,5,67.2,125,79,79,No,No,No,67.0,Routine review
P009,6,67.1,126,77,78,No,No,No,67.0,Routine review
P009,7,67.2,126,81,75,No,No,No,67.0,Routine review
P010,1,67.5,121,75,81,No,No,No,67.5,Routine review
P010,2,67.6,130,78,72,No,No,No,67.5,Routine review
P010,3,67.5,129,76,70,No,No,No,67.5,Routine review
P010,5,67.7,127,77,74,No,No,No,67.5,Routine review
P010,6,67.6,125,79,80,No,No,No,67.5,Routine review
P010,7,67.7,125,79,66,No,No,No,67.5,Routine review
P011,1,68.0,122,76,70,No,No,No,68.0,Routine review
P011,2,68.1,124,80,69,No,No,No,68.0,Routine review
P011,4,68.1,125,77,73,No,No,No,68.0,Routine review
P011,5,68.2,128,79,79,No,No,No,68.0,Routine review
P011,6,68.1,125,77,73,No,No,No,68.0,Routine review
P011,7,68.2,126,78,70,No,No,No,68.0,Routine review
P012,1,68.5,125,78,84,No,No,No,68.5,Routine review
P012,2,68.6,131,76,73,No,No,No,68.5,Routine review
P012,3,68.5,121,77,75,No,No,No,68.5,Routine review
P012,5,68.7,129,77,71,No,No,No,68.5,Routine review
P012,6,68.6,119,78,70,No,No,No,68.5,Routine review
P012,7,68.7,123,76,74,No,No,No,68.5,Routine review
P013,1,69.0,121,82,69,No,No,No,69.0,Routine review
P013,2,69.1,122,82,86,No,No,No,69.0,Routine review
P013,3,70.4,121,77,75,No,No,Mild,69.0,Routine review
P013,4,69.1,130,76,73,No,No,No,69.0,Routine review
P013,6,69.1,127,79,72,No,No,No,69.0,Routine review
P013,7,69.2,125,75,73,No,No,No,69.0,Routine review
P014,1,69.5,124,78,72,No,No,No,69.5,Routine review
P014,2,69.6,126,80,75,No,No,No,69.5,Routine review
P014,3,69.5,126,78,74,No,No,No,69.5,Routine review
P014,4,70.9,123,79,74,No,No,Mild,69.5,Routine review
P014,6,69.6,131,81,76,No,No,No,69.5,Routine review
P014,7,69.7,123,76,79,No,No,No,69.5,Routine review
P015,1,70.0,126,75,78,No,No,No,70.0,Routine review
P015,2,70.1,126,76,72,No,No,No,70.0,Routine review
P015,4,70.1,126,78,73,No,No,No,70.0,Routine review
P015,5,70.2,125,77,75,No,No,No,70.0,Routine review
P015,6,70.1,129,73,73,No,No,No,70.0,Routine review
P015,7,70.2,126,79,73,No,No,No,70.0,Routine review
P016,1,70.5,120,79,81,No,No,No,70.5,Routine review
P016,2,70.6,120,80,73,No,No,No,70.5,Routine review
P016,4,71.9,125,76,73,No,No,Mild,70.5,Routine review
P016,5,70.7,129,79,81,No,No,No,70.5,Routine review
P016,6,70.6,129,79,81,No,No,No,70.5,Routine review
P016,7,70.7,126,80,73,No,No,No,70.5,Routine review
P017,1,68.0,125,77,78,No,No,No,68.0,Routine review
P017,2,68.6,121,80,73,No,No,No,68.0,Routine review
P017,3,69.1,129,80,81,No,No,No,68.0,Routine review
P017,4,69.6,127,75,74,No,No,No,68.0,Routine review
P017,5,70.0,121,77,80,Yes,Mild,Yes,68.0,Clinical review
P017,6,70.4,127,77,70,Yes,Yes,Yes,68.0,Clinical review
P017,7,70.8,125,76,71,Yes,Yes,Yes,68.0,Clinical review
P018,1,68.5,126,80,76,No,No,No,68.5,Routine review
P018,2,69.1,118,79,74,No,No,No,68.5,Routine review
P018,3,69.6,126,81,66,No,No,No,68.5,Routine review
P018,4,70.1,123,79,68,No,No,No,68.5,Routine review
P018,5,70.5,129,79,77,Yes,Mild,Yes,68.5,Clinical review
P018,6,71.0,123,80,78,Yes,Yes,Yes,68.5,Clinical review
P018,7,71.3,126,78,75,Yes,Yes,Yes,68.5,Clinical review
P019,1,69.1,122,78,73,No,No,No,69.1,Routine review
P019,2,69.7,126,80,70,No,No,No,69.1,Routine review
P019,3,70.2,125,81,71,No,No,No,69.1,Routine review
P019,4,70.7,123,78,77,No,No,No,69.1,Routine review
P019,5,71.1,125,81,77,Yes,Mild,Yes,69.1,Clinical review
P019,6,71.5,128,79,83,Yes,Yes,Yes,69.1,Clinical review
P019,7,71.9,124,74,80,Yes,Yes,Yes,69.1,Clinical review
P020,1,69.7,124,78,79,No,No,No,69.7,Routine review
P020,2,70.2,120,75,68,No,No,No,69.7,Routine review
P020,3,70.8,123,79,76,No,No,No,69.7,Routine review
P020,4,71.2,126,75,65,No,No,No,69.7,Routine review
P020,5,71.7,125,77,76,Yes,Mild,Yes,69.7,Clinical review
P020,6,72.1,127,78,77,Yes,Yes,Yes,69.7,Clinical review
P020,7,72.5,126,79,71,Yes,Yes,Yes,69.7,Clinical review
P021,1,70.2,124,78,77,No,No,No,70.2,Routine review
P021,2,70.8,124,79,73,No,No,No,70.2,Routine review
P021,3,71.3,125,80,66,No,No,No,70.2,Routine review
P021,4,71.8,121,75,65,No,No,No,70.2,Routine review
P021,5,72.2,123,79,73,Yes,Mild,Yes,70.2,Clinical review
P021,6,72.6,126,80,79,Yes,Yes,Yes,70.2,Clinical review
P021,7,73.0,125,81,74,Yes,Yes,Yes,70.2,Clinical review
P022,1,70.8,122,77,68,No,No,No,70.8,Routine review
P022,2,71.3,122,77,77,No,No,No,70.8,Routine review
P022,3,71.8,130,75,76,No,No,No,70.8,Routine review
P022,4,72.3,122,79,73,No,No,No,70.8,Routine review
P022,5,72.8,120,80,72,Yes,Mild,Yes,70.8,Clinical review
P022,6,73.2,123,76,71,Yes,Yes,Yes,70.8,Clinical review
P022,7,73.5,126,78,75,Yes,Yes,Yes,70.8,Clinical review
P023,1,71.3,126,81,73,No,No,No,71.3,Routine review
P023,2,71.9,121,80,73,No,No,No,71.3,Routine review
P023,3,72.4,128,79,73,No,No,No,71.3,Routine review
P023,4,72.9,126,82,82,No,No,No,71.3,Routine review
P023,5,73.3,125,78,78,Yes,Mild,Yes,71.3,Clinical review
P023,6,73.7,122,79,74,Yes,Yes,Yes,71.3,Clinical review
P023,7,74.1,126,76,68,Yes,Yes,Yes,71.3,Clinical review
P024,1,71.8,119,76,72,No,No,No,71.8,Routine review
P024,2,72.4,124,82,78,No,No,No,71.8,Routine review
P024,3,72.9,122,79,72,No,No,No,71.8,Routine review
P024,4,73.4,124,78,76,No,No,No,71.8,Routine review
P024,5,73.8,124,80,69,Yes,Mild,Yes,71.8,Clinical review
P024,6,74.2,125,83,75,Yes,Yes,Yes,71.8,Clinical review
P024,7,74.6,129,78,76,Yes,Yes,Yes,71.8,Clinical review
P025,1,70.0,125,78,71,No,No,No,70.0,No escalation
P025,2,70.1,126,76,77,No,No,No,70.0,No escalation
P025,3,70.0,128,79,73,No,No,No,70.0,No escalation
P025,4,70.1,126,77,78,No,No,No,70.0,No escalation
P025,5,70.1,120,77,66,Yes,No,Yes,70.0,Clinical review
P025,6,70.0,121,81,78,Yes,No,Yes,70.0,Clinical review
P025,7,70.1,123,75,62,Yes,No,Yes,70.0,Clinical review
P026,1,70.5,123,83,76,No,No,No,70.5,No escalation
P026,2,70.6,123,79,68,No,No,No,70.5,No escalation
P026,3,70.5,124,78,74,No,No,No,70.5,No escalation
P026,4,70.6,127,79,77,No,No,No,70.5,No escalation
P026,5,70.6,123,80,81,Yes,No,Yes,70.5,Clinical review
P026,6,70.5,122,76,79,Yes,No,Yes,70.5,Clinical review
P026,7,70.6,124,81,72,Yes,No,Yes,70.5,Clinical review
P027,1,71.0,129,78,75,No,No,No,71.0,No escalation
P027,2,71.1,130,77,70,No,No,No,71.0,No escalation
P027,3,71.0,124,79,68,No,No,No,71.0,No escalation
P027,4,71.1,127,77,79,No,No,No,71.0,No escalation
P027,5,71.1,118,76,67,Yes,No,Yes,71.0,Clinical review
P027,6,71.0,123,78,73,Yes,No,Yes,71.0,Clinical review
P027,7,71.1,124,78,75,Yes,No,Yes,71.0,Clinical review
P028,1,72.1,127,79,76,No,No,No,72.0,Routine review
P028,2,72.3,131,78,73,No,No,No,72.0,Routine review
P028,4,72.3,126,78,71,No,No,No,72.0,Routine review
P028,6,72.4,127,78,71,No,No,No,72.0,Routine review
P028,7,72.1,126,75,74,No,No,No,72.0,Routine review
P029,1,72.6,122,78,68,No,No,No,72.6,Routine review
P029,2,73.0,129,77,75,No,No,No,72.6,Routine review
P029,3,72.1,122,77,70,No,No,No,72.6,Routine review
P029,6,72.8,130,76,75,No,No,No,72.6,Routine review
P029,7,72.9,120,75,72,No,No,No,72.6,Routine review
P030,1,73.3,126,74,76,No,No,No,73.2,Routine review
P030,3,73.2,127,79,67,No,No,No,73.2,Routine review
P030,4,73.6,122,78,68,No,No,No,73.2,Routine review
P030,6,73.5,123,75,77,No,No,No,73.2,Routine review
P030,7,73.2,123,81,72,No,No,No,73.2,Routine review
